<?xml version="1.0" encoding="UTF-8"?>
<project-private xmlns="http://www.netbeans.org/ns/project-private/1">
    <editor-bookmarks xmlns="http://www.netbeans.org/ns/editor-bookmarks/2" lastBookmarkId="0"/>
    <open-files xmlns="http://www.netbeans.org/ns/projectui-open-files/2">
        <group>
            <file>file:/C:/Users/Phil/Documents/NetBeansProjects/QCApp/src/qcapp/Users.java</file>
            <file>file:/C:/Users/Phil/Documents/NetBeansProjects/QCApp/src/qcapp/Main_Menu.fxml</file>
            <file>file:/C:/Users/Phil/Documents/NetBeansProjects/QCApp/src/qcapp/Checklist.java</file>
            <file>file:/C:/Users/Phil/Documents/NetBeansProjects/QCApp/src/qcapp/QCApp.java</file>
            <file>file:/C:/Users/Phil/Documents/NetBeansProjects/QCApp/src/qcapp/QC_Data.java</file>
            <file>file:/C:/Users/Phil/Documents/NetBeansProjects/QCApp/src/qcapp/Home_Screen.fxml</file>
            <file>file:/C:/Users/Phil/Documents/NetBeansProjects/QCApp/src/qcapp/Login_Screen.fxml</file>
            <file>file:/C:/Users/Phil/Documents/NetBeansProjects/QCApp/src/qcapp/Orders.java</file>
            <file>file:/C:/Users/Phil/Documents/NetBeansProjects/QCApp/src/qcapp/Editing_Screen.fxml</file>
            <file>file:/C:/Users/Phil/Documents/NetBeansProjects/QCApp/src/qcapp/Questions.java</file>
        </group>
    </open-files>
</project-private>
